rowid;entity;ref_ext;ref_int;admin;employee;fk_establishment;datec;tms;fk_user_creat;fk_user_modif;login;pass_encoding;pass;pass_crypted;pass_temp;api_key;gender;civility;lastname;firstname;address;zip;town;fk_state;fk_country;birth;job;office_phone;office_fax;user_mobile;personal_mobile;email;personal_email;signature;socialnetworks;fk_soc;fk_socpeople;fk_member;fk_user;fk_user_expense_validator;fk_user_holiday_validator;idpers1;idpers2;idpers3;note_public;note;model_pdf;datelastlogin;datepreviouslogin;datelastpassvalidation;datestartvalidity;dateendvalidity;iplastlogin;ippreviouslogin;egroupware_id;ldap_sid;openid;statut;photo;lang;color;barcode;fk_barcode_type;accountancy_code;nb_holiday;thm;tjm;salary;salaryextra;dateemployment;dateemploymentend;weeklyhours;import_key;default_range;default_c_exp_tax_cat;fk_warehouse
9664;1;kimberly-taylor;ryan-hicks;0;0;0;NULL;2024-01-30 09:37:03;NULL;NULL;kOpJfnNL871;NULL;RXuQaneNJXWkPDWkrnpF;WjnzRgsRMFezAufnwkFm;TkqPSDiVBxCrlxABthUH;RhDvyTKLbPzYAWYrQTVB;male;Mrs.;Munoz;Sarah;7772 Carter Drives;13733;Burkeville;0;0;2024-01-30;Geophysical data processor at Barber, Kerr and Smith;463.869.2436x066;1-803-888-8479x3446;994-274-7710;697-503-1647x2445;sarah.munoz@harris.com;johnramirez@reid-rhodes.net;"Ducimus hic rem veritatis nam placeat. Tempore nulla provident libero dicta pariatur impedit. Illo illum omnis occaecati quas eos quia corporis. Distinctio laborum consectetur illo vero exercitationem dicta.
Velit nesciunt fugiat exercitationem laudantium aliquam iure. Eius cumque fugit quos adipisci tempora. Reprehenderit odit eaque consectetur sint vel sed.
Sunt accusamus quisquam ipsa dolore molestias quod quae. Temporibus hic aliquam pariatur culpa laboriosam suscipit qui. A repellat suscipit inventore quae corporis dignissimos.";"Hic aspernatur repellendus nisi cumque facilis asperiores. Sequi quod vero voluptatem omnis vel maiores ipsum. Officia asperiores laudantium deserunt voluptatum dolores est officiis. Ea quisquam alias iusto itaque quis iure fugit.
Consectetur accusantium aperiam mollitia totam culpa. A velit quam voluptates incidunt sed enim. Dolore molestias occaecati deserunt nobis exercitationem velit.
Ab alias debitis molestiae voluptatum excepturi. Vero eius corrupti ea sunt quibusdam aut. Accusamus beatae quia modi officiis.";NULL;NULL;NULL;NULL;NULL;NULL;NULL;NULL;NULL;"Qui accusantium ducimus deserunt eaque quis. Recusandae tenetur voluptate ipsum maxime qui ea. Commodi inventore beatae temporibus enim illo. Deserunt officiis voluptas sunt minus cumque sequi dolorum.
Sed explicabo eius corporis molestias. Impedit numquam ipsam vel corporis ducimus sit. Facere magnam excepturi eveniet. In consequatur molestias laudantium veniam commodi. Dolorem quidem corporis ex velit totam.
Dolorem deleniti eligendi iure ipsum animi autem assumenda. Ipsa assumenda amet alias officia neque.";"Excepturi enim reprehenderit consequatur tempora facere tempora. Numquam suscipit atque quas asperiores blanditiis. Fugiat corporis vero ratione numquam. A iusto amet commodi dignissimos.
Voluptatum molestiae exercitationem sunt illo. Debitis enim assumenda iste nobis. Libero aperiam neque laborum nisi quo. Necessitatibus deserunt occaecati quod nobis repellat quas.
Iure quis incidunt deserunt maxime distinctio voluptatem. Excepturi sunt dolorem laboriosam sequi. Consectetur alias quaerat temporibus illum.";NULL;NULL;NULL;NULL;NULL;NULL;NULL;NULL;NULL;283127db-b748-457e-8ab2-774ef540e010;90f07601-7d0e-4e7b-a24b-28e341a1444b;1;NULL;csb;NULL;0503093941385;0;dNoROoPvCcYPTURtSWwnXhfePqHzMtzg;0;NULL;NULL;NULL;NULL;2024-01-30;2024-01-30;NULL;YiYcysgHAZiqOY;NULL;NULL;NULL
9394;1;brad-day;jason-chen;0;1;0;NULL;2024-01-30 09:37:03;NULL;NULL;ZJlJlJmB831;NULL;bTKeFFGkdrYRyizwMxlK;VzPzRgfqbXZVIiYIuYmz;DaKcWyGxxwCbBcKDEaam;iABrJMoQmLwBHCGNmdCu;male;Mr.;Wright;Erika;18627 Welch Isle Suite 682;99733;Hensonborough;0;0;2024-01-30;Food technologist at Alvarez, Jones and Hart;01966520587;1-603-608-0832;03500752732;1-394-077-8723;erika.wright@griffin.com;xparks@frazier-myers.com;"Corrupti consectetur consequuntur quos dignissimos. Et nulla dolor repudiandae deleniti repellat culpa nobis consectetur. Iusto ullam fuga explicabo.
Sint corrupti voluptas provident. Itaque quo id sapiente inventore praesentium consequatur fuga sequi. Alias consequatur tenetur distinctio nulla eos fugiat officiis.
Nesciunt cumque id soluta repellat aliquam doloremque provident. Ex quae fugiat praesentium consectetur mollitia qui dolore suscipit. Ex nemo iure esse error atque eum earum possimus.";"Esse voluptas exercitationem eius laboriosam. Fuga excepturi voluptates sequi quas.
Quos ipsa voluptatibus autem. Dicta nesciunt odit minima non assumenda laborum ipsa voluptates. Qui adipisci facilis autem unde.
Corrupti praesentium id amet alias optio aut itaque. Dolorum deserunt saepe vitae eaque voluptatum. Odit eum aut vel quae ullam perspiciatis veritatis enim.";NULL;NULL;NULL;NULL;NULL;NULL;NULL;NULL;NULL;"Qui numquam a distinctio distinctio iure modi. Possimus veritatis delectus dolore qui tempora. Veniam in est nemo nisi cumque recusandae esse.
Facilis eligendi similique ad voluptatibus recusandae. Earum esse debitis ullam. Vel et in occaecati vel omnis asperiores.
Eum nemo ut repellendus nostrum molestiae. Repudiandae saepe quos repellat reprehenderit. Repellat id inventore natus nesciunt. A consequuntur laboriosam asperiores temporibus culpa.";"Recusandae commodi natus modi. Impedit pariatur minus necessitatibus delectus iure. Voluptatibus pariatur explicabo fugiat placeat.
Praesentium minus ab rem ipsa. Debitis dolores soluta sunt suscipit. Est cupiditate deleniti natus quidem quasi vitae. Esse nulla incidunt cumque magnam est repudiandae.
Alias illum qui aliquam quas iure exercitationem. Repellendus minima odit reiciendis nesciunt quaerat repellat. Tempore magni nam eum autem. Iure iure consectetur in veritatis.";NULL;NULL;NULL;NULL;NULL;NULL;NULL;NULL;NULL;af367afd-fb95-4a83-9111-eebfda34b6bd;46cefad1-0955-4841-a3de-f0cd35709b99;1;NULL;yo;NULL;5737820753155;0;VeRoxbsKkYYnVRaFjXbdbOvYfaBWyoSs;0;NULL;NULL;NULL;NULL;2024-01-30;2024-01-30;NULL;tTgsXfDbqGaWcf;NULL;NULL;NULL
3743;1;christopher-ramos;matthew-rangel;1;1;0;NULL;2024-01-30 09:37:03;NULL;NULL;CYKqJzBM290;NULL;wBvRiKPCKzMwWQAplVJm;jyWuUlJwDctrYdYYPWyG;QTtMlutTxIDQnInoWMHz;zGKABRSurIYJsElrRXLh;female;Mrs.;Powell;Barbara;8455 Pamela Ports;53556;Jacobstad;0;0;2024-01-30;Music therapist at Tucker Ltd;975.029.2878;1-044-761-2305;+13(4)5501010049;999-770-3402x50436;barbara.powell@hamilton.info;davidsilva@rich.com;"Voluptas alias sint labore repellat. Minima eos cumque officiis reprehenderit. Expedita occaecati consequatur nam iste occaecati excepturi accusantium. Magni officia unde ab cum.
Quo quod nostrum iure minima et laboriosam. Eveniet quidem quasi maxime suscipit. Quos laudantium natus autem dolores.
Nobis corporis molestias placeat omnis quae. Minus repellendus tempore dicta id reprehenderit qui est. Hic ullam quia enim quia. Molestiae quis exercitationem rem id nostrum.";"Consequatur officia illum magnam facilis aliquam voluptas a reiciendis. Quibusdam veritatis architecto alias fuga vitae nam alias. Sunt corrupti maiores optio iusto quo cumque. Ea quia placeat maiores.
Reprehenderit officiis repellat magni porro ratione molestiae molestias unde. Ut vitae recusandae id ex. Provident nobis cupiditate quis debitis. Aspernatur temporibus eligendi hic optio voluptate.
Libero natus saepe natus distinctio dolore ad voluptas. Placeat nemo perferendis inventore voluptate voluptatibus tenetur eum.";NULL;NULL;NULL;NULL;NULL;NULL;NULL;NULL;NULL;"Voluptatum ipsam nihil hic. Alias adipisci magni adipisci consequuntur magnam at similique. Earum iure quam quos. Modi quisquam sunt praesentium corporis.
Repellendus praesentium quam maxime tempora. Vero molestias ab sapiente modi magni illo beatae. Eum quae assumenda vitae nesciunt. Labore doloribus et natus mollitia molestiae.
Minus qui natus voluptatum sunt minima excepturi maxime. Est corporis explicabo harum repellat. Fugit totam delectus possimus soluta laboriosam omnis reprehenderit.";"Ut expedita ducimus in rerum. Alias ut dolore maiores ea voluptate esse vel. Magnam officia mollitia expedita tenetur. Eaque quam reprehenderit error.
Veniam officia natus rem cupiditate odit repudiandae. Ratione soluta id architecto nobis omnis veritatis labore. Temporibus possimus et nobis corrupti voluptatibus deleniti. Mollitia facere sequi aspernatur omnis. Eligendi molestias impedit accusamus placeat repudiandae veniam.
Quaerat autem repellendus nam consequatur. Iste enim nobis doloribus minima. Earum accusantium nobis ab fugit unde facere optio. Distinctio repellat nemo vero dolores repudiandae. Distinctio laboriosam vel explicabo doloribus.";NULL;NULL;NULL;NULL;NULL;NULL;NULL;NULL;NULL;5a277195-e72e-47db-97ce-1472580c5459;b77276ad-47e2-46c1-8442-eacf140ecb7b;1;NULL;si;NULL;9592445704809;0;kFIbqJuPfgTHlPXSfjtopiNoAVtQnvQu;0;NULL;NULL;NULL;NULL;2024-01-30;2024-01-30;NULL;heYGXxeymLhhvc;NULL;NULL;NULL
2885;1;penny-farley;geoffrey-shea;0;1;0;NULL;2024-01-30 09:37:03;NULL;NULL;UlUriZjp158;NULL;moQOFqYAZSfDMUOWzeoR;jvxhGaPdolgnGdqqrMSs;ZRpjNdUfeXVtLCXEuOYh;OUpwlGrBJwOvJCqeJeMF;male;Mr.;Hart;Pamela;61088 Benson Path;34655;Port Michael;0;0;2024-01-30;Administrator, sports at Guerra, Yates and Irwin;1-503-500-1582;565.651.8894;1-448-256-7872x2981;(590)427-7079;pamela.hart@jones.net;alexandernolan@rivera.com;"Nostrum ullam eos facilis ut et. Magnam beatae dolorum veniam libero voluptates. Velit eos nostrum dolor consequuntur exercitationem consequatur. Quae dolorem expedita mollitia blanditiis officia soluta.
Nam pariatur asperiores saepe ea quam. Dolores doloribus sequi itaque repellendus quo. In iusto soluta saepe qui repellat.
Qui velit nostrum eos quod. Laborum laudantium explicabo reiciendis reiciendis. Ab omnis placeat soluta. Vel ea doloremque adipisci voluptate eveniet.";"Cum consectetur error quisquam voluptas. Id possimus sint in dignissimos similique. Fugit vel itaque sit sint. Tenetur beatae voluptatibus fuga quia cum possimus. Nulla ipsam vel nisi excepturi.
Voluptatibus beatae corporis minus eaque aspernatur. Non ratione iusto possimus fugit autem voluptates voluptatibus rem. Magnam iste consequatur labore perspiciatis.
Possimus eligendi repellendus nostrum recusandae laudantium. Itaque consequatur nesciunt ducimus officiis sapiente. Labore quos quam quis veniam recusandae. Voluptates labore iste itaque.";NULL;NULL;NULL;NULL;NULL;NULL;NULL;NULL;NULL;"Incidunt distinctio praesentium cum ipsa neque a necessitatibus numquam. Et laboriosam debitis natus nulla modi.
Dicta nisi dolores sit esse ratione animi. Praesentium iusto quasi earum exercitationem a. Sunt saepe dolore et placeat dolor.
Consequatur est quidem iusto voluptate rerum ducimus distinctio. Quas repudiandae commodi commodi suscipit consequatur mollitia aspernatur.";"Beatae provident atque veritatis pariatur. Voluptatum earum distinctio soluta et. Cum ipsa maiores quam sit laudantium quis.
Sunt dignissimos aliquid molestias. Aliquid alias rerum suscipit ducimus. Quisquam accusantium illo officia. Non et officiis dolor itaque pariatur voluptatibus est.
Iure fuga ea impedit quas quis quis distinctio. Quia voluptas sit officiis accusamus. Assumenda necessitatibus tenetur minus quaerat praesentium.";NULL;NULL;NULL;NULL;NULL;NULL;NULL;NULL;NULL;08f910b0-1dba-4dcc-9961-15c29379a5e5;955f9c1f-895b-46b5-9c21-d77e99365f3a;1;NULL;fi;NULL;2696621211482;0;JnCaditJUYGcYsskRwJXxHJFBEEaPUyZ;0;NULL;NULL;NULL;NULL;2024-01-30;2024-01-30;NULL;OwjJFGxnhDCGVv;NULL;NULL;NULL
8499;1;darryl-mullins;anna-wolfe;1;0;0;NULL;2024-01-30 09:37:03;NULL;NULL;glpyEezs504;NULL;cSJPTPqqeMVaHZOMiOde;NmZqBqjutadsASfXHVzp;YTTygAzyTsJpNLfpuJmb;ZuKQroTyoIZGyapBSXLZ;male;Mrs.;Obrien;Daniel;390 Meghan Landing Apt. 014;76337;Port Nicole;0;0;2024-01-30;Hydrogeologist at Moore, Boone and Fleming;590.896.2019x4506;1-929-468-3212x169;135-511-9628;643.645.6418x6446;daniel.obrien@jenkins-kim.org;wujeffrey@lopez.com;"Minus consequatur consequuntur unde eligendi. Nisi vel repellendus expedita similique. Suscipit laboriosam inventore odio velit.
Rerum nesciunt ullam eius quam eos a totam. Sapiente impedit sunt facere sit. Harum temporibus architecto aut tenetur culpa inventore.
Odit possimus debitis accusantium perferendis voluptatum a. Dicta saepe nam voluptatum iusto odio unde assumenda labore. Modi ducimus pariatur unde esse consequatur aliquid totam.";"Quidem quibusdam error architecto eligendi. At provident architecto voluptatem voluptatibus blanditiis. Maxime quas tenetur nisi odio libero. Quibusdam beatae voluptatum libero quibusdam perspiciatis. Harum laboriosam optio et pariatur impedit quaerat.
Quia ex id iste explicabo voluptas necessitatibus. Neque quis numquam ipsum cupiditate praesentium placeat. Pariatur deserunt earum natus impedit sapiente.
Nobis sint omnis ipsam voluptatum nulla hic laborum similique. Enim vero recusandae praesentium iusto quasi. Adipisci earum nam ab assumenda nemo necessitatibus consequatur.";NULL;NULL;NULL;NULL;NULL;NULL;NULL;NULL;NULL;"In repellat ipsam illum dolores labore. Atque cupiditate vero iusto voluptates modi eius quibusdam.
Tempora sequi quas explicabo quas quis amet. Quas eos eveniet aperiam quam minus maxime dicta. Ad ullam id expedita et a.
Blanditiis quos modi odio harum. Non ipsa labore delectus dolorem quam. Ipsa dolore nesciunt repellat rerum. Voluptas explicabo quia quos asperiores blanditiis aliquid dolorum totam.";"Voluptatem sit commodi nulla ut dolores sint. Accusamus labore facilis explicabo adipisci minima sapiente. Voluptates corrupti nostrum rerum. Ipsum omnis eligendi ipsum praesentium ducimus enim quisquam atque.
Quisquam officiis tempore tenetur. Suscipit aliquid dignissimos pariatur quia impedit enim. Nam beatae recusandae occaecati placeat repellendus. Commodi praesentium cupiditate alias temporibus necessitatibus.
Repellendus cum assumenda ipsum hic repellendus nemo. Eligendi iste error deleniti excepturi aut nobis. Nostrum corporis numquam rem assumenda. Tenetur tempore voluptate cumque non aut rerum.";NULL;NULL;NULL;NULL;NULL;NULL;NULL;NULL;NULL;f03b43ac-28b4-4071-8b7a-9d215f7a6fbe;81f2c257-00f4-4cdf-bc91-cb84852bc2fc;1;NULL;pl;NULL;4844304180510;0;cSMmsblSmkBARWTVfHPfeRLfeMYgUiYc;0;NULL;NULL;NULL;NULL;2024-01-30;2024-01-30;NULL;pudcAfrsVxAayd;NULL;NULL;NULL
3451;1;matthew-morse;linda-novak;1;0;0;NULL;2024-01-30 09:37:03;NULL;NULL;JJYNZfGE286;NULL;ozMpFLQviEANOHVmTjQA;XnqSQeJQEvSylzUlDsgt;KtHlVBoXJkfEGZiHvgwd;sAITCIrKYzfbyTjQQtfJ;male;Mr.;Hayes;Kathy;353 Jerome Ramp Apt. 811;23894;East Michaelchester;0;0;2024-01-30;Pharmacologist at Wheeler, Thomas and Barnes;543.338.7099;+43(1)6829705517;247-857-9918x255;+24(9)1214020570;kathy.hayes@cook.info;lawrencemaria@zamora.org;"Laborum minima quod beatae excepturi tempora aperiam praesentium exercitationem. Distinctio totam esse delectus nihil mollitia. Officiis similique ipsum autem provident eum rem nam nisi. Aliquam necessitatibus sequi aspernatur nulla cum.
Voluptatibus nulla unde ipsa quaerat. Placeat quaerat accusamus aliquam ea tempore expedita soluta. Quis sint quis dolorem autem. Reiciendis harum quaerat recusandae alias reiciendis id aperiam.
Ex minima quos non asperiores quae consequuntur. Repudiandae inventore recusandae dolor modi est tempore voluptatem porro.";"Harum earum tempora ipsa rerum quam officiis. Itaque quo veniam temporibus animi aut quibusdam. Rem nobis doloribus mollitia.
Aperiam incidunt dicta ad similique dolorem impedit. Odit facere amet harum labore nihil accusamus occaecati quas. Reprehenderit accusamus cupiditate cum impedit voluptatem corporis. Consequatur rerum assumenda corporis sed doloribus omnis excepturi.
Ex sed labore sunt odio exercitationem magni. Architecto iusto eligendi quasi harum odio numquam nisi maxime. Sit maxime aliquid dolore nisi. Rerum commodi blanditiis vel iste suscipit nihil.";NULL;NULL;NULL;NULL;NULL;NULL;NULL;NULL;NULL;"Quisquam aliquam odit veniam quo suscipit atque. Veritatis nobis error cumque quasi. Facere fuga eos totam eligendi.
Quod occaecati error quas suscipit voluptatum. Est veniam tempore totam possimus iure minus mollitia. Autem sapiente quae possimus laborum reprehenderit quasi numquam optio. Doloribus eligendi nemo consequuntur molestiae harum incidunt.
Aspernatur expedita in mollitia et magni nihil sapiente. Numquam tenetur adipisci at nobis doloremque vel natus. Occaecati inventore animi incidunt pariatur culpa sequi.";"Sunt unde facilis accusantium blanditiis. Debitis eaque magnam assumenda blanditiis. Aliquam hic provident adipisci nemo. Mollitia incidunt cumque culpa.
Ex beatae reiciendis quis doloremque. Accusamus eos sint dicta hic occaecati. Ad harum magnam perferendis enim commodi amet dignissimos laborum. Odio optio impedit voluptatibus eius soluta.
Aliquam recusandae at omnis aliquid. Asperiores sed esse laboriosam quasi repellat. Aliquam enim hic explicabo.";NULL;NULL;NULL;NULL;NULL;NULL;NULL;NULL;NULL;4ca0c566-644a-49f3-9e6c-124ecca81a10;b3703bc9-326c-4705-84c6-9a10d706900c;1;NULL;tk;NULL;8808599316920;0;urOzULqqkFMaTfhiCqLgmJdnNpcSdKkr;0;NULL;NULL;NULL;NULL;2024-01-30;2024-01-30;NULL;RKNsMhIVjsANBk;NULL;NULL;NULL
6614;1;tiffany-pope;cameron-winters;0;0;0;NULL;2024-01-30 09:37:03;NULL;NULL;EirxOiwD284;NULL;KaZrNjuwUdBdBmFMvujj;BUfYRmFBJCzZSDkrHmYp;rPhaYxNMrXadcFzAlELD;dJGaARUYlXuRWgMfMpfP;female;Mr.;Fields;Tammy;4645 Christopher Unions Suite 333;35743;Jameschester;0;0;2024-01-30;Engineer, structural at Parker PLC;782-449-0894x2777;609-091-6703x85238;228-331-2861;04277160674;tammy.fields@kim.net;bryanpatterson@leonard-ayers.org;"Incidunt ab at sequi atque. Temporibus aperiam nam rem velit vitae officia. Veniam unde sint veritatis ab illum enim. Iure eaque ex repellat quis voluptas magni.
Illo vero dolore mollitia dolor itaque. Ullam autem ipsa eius omnis distinctio hic. Debitis nesciunt in provident unde ad.
Quae quo accusamus aliquid temporibus beatae. Officiis vitae iste beatae odio. Totam esse hic in nostrum perferendis numquam delectus eaque.";"Nihil libero facere laborum eaque neque quia. Expedita quaerat sint eveniet necessitatibus. Possimus eligendi aut atque aliquam qui quae quod. Modi ut excepturi explicabo ipsa blanditiis repudiandae autem occaecati.
In est dicta in assumenda. Deleniti necessitatibus autem illo voluptatum temporibus atque. Explicabo quidem rem sapiente fugit. Magnam maiores unde ipsam reiciendis.
Quis vero nemo accusantium inventore vitae. Maiores soluta ducimus ipsum ipsum iusto excepturi consequuntur. Nulla minima eum cum commodi iure nemo. Velit sit quia ratione perferendis voluptatem quae mollitia.";NULL;NULL;NULL;NULL;NULL;NULL;NULL;NULL;NULL;"A laudantium enim accusamus eius fugit rerum molestias. Hic quas consectetur occaecati nisi. At culpa deserunt totam commodi.
Facilis atque voluptates nobis placeat asperiores ullam maxime. Officiis doloremque officiis minima doloremque aliquam. A ipsam voluptatem nisi suscipit quibusdam. Exercitationem ipsa error voluptate ipsam iusto ab eum. Molestiae at temporibus similique magni.
Sunt quae consectetur quia temporibus voluptates pariatur ipsa aperiam. Alias quis quaerat autem magni suscipit culpa quam. Libero vel saepe soluta sed libero quod soluta ducimus. Magnam fugit soluta rerum doloremque.";"Eius aut nobis commodi consequatur alias. Voluptates vitae natus quod corrupti asperiores. Accusantium reprehenderit neque atque delectus facere excepturi. Excepturi temporibus labore eos accusamus quod.
Commodi enim dolorem optio voluptatum. Similique quod libero dignissimos aperiam sunt ducimus velit exercitationem. Vitae id dolorum quod laudantium corrupti recusandae odio.
Eius libero a quae animi. Veritatis nostrum sapiente adipisci delectus eos est itaque. Nesciunt earum deserunt qui facilis error laborum.";NULL;NULL;NULL;NULL;NULL;NULL;NULL;NULL;NULL;0fc4cd31-4b2e-4191-933b-6568ec8ec602;7c89c9a4-01ac-4b0c-a8e8-edb96a2a7782;1;NULL;ca;NULL;7435836903523;0;oNgIzttcmeNUZYZtEBMCFzfjfbbuOxZQ;0;NULL;NULL;NULL;NULL;2024-01-30;2024-01-30;NULL;EkgEmYybTAoGmv;NULL;NULL;NULL
1773;1;paul-doyle;keith-leon;1;0;0;NULL;2024-01-30 09:37:03;NULL;NULL;cNSUvIUx801;NULL;mhfZqAlYpXwUyhEfheTJ;HPTatKsjBTjTbUpTEjgb;auogixPXheGmBPFYmaph;xGfNrEXVdZUIlfnChZuz;male;Mr.;James;Patricia;18797 Nash Row Apt. 924;60616;South Pamelaland;0;0;2024-01-30;Corporate treasurer at Hanson, Gill and Keller;(363)465-8806;01481155246;1-950-545-1764;463-570-9988x434;patricia.james@perez.biz;lopezmatthew@mcclure.com;"Praesentium accusantium suscipit molestias nesciunt dignissimos soluta modi voluptatem. Explicabo reiciendis sunt sint quas saepe natus.
Vel nesciunt accusantium eos fugiat temporibus fugit odit quas. Omnis animi asperiores explicabo praesentium voluptatum fugiat. Facilis blanditiis ipsam tenetur expedita velit quaerat. Praesentium reprehenderit at fuga autem magni iure earum.
Tempore provident aperiam quia. Tempora exercitationem nostrum enim dolores totam quisquam. Iste similique nihil qui animi quisquam. Quidem ipsam occaecati totam asperiores libero.";"Provident rerum blanditiis modi voluptates. Fuga sit unde quis. Rem tempora et similique laboriosam quaerat molestiae. Dignissimos laborum vero architecto ea earum facere.
Assumenda nam ipsum odio rem dolor. Error maxime minus ex autem. Natus autem cupiditate veritatis autem ipsum officia. Consequatur ab reprehenderit a sit.
Explicabo vitae assumenda debitis sequi. Libero tempore hic at velit vel distinctio cumque.";NULL;NULL;NULL;NULL;NULL;NULL;NULL;NULL;NULL;"Officiis iure est unde eius vel. Delectus laudantium voluptate consectetur amet dolores. Expedita numquam magnam iure amet. Soluta eligendi sunt praesentium voluptatum quisquam voluptatum omnis.
Quibusdam porro earum adipisci sit libero tempore quos. Est laborum excepturi cumque. Pariatur labore nobis perferendis placeat voluptate quas delectus. Modi quae dolores cumque.
Aperiam natus id consequuntur. Veritatis blanditiis accusantium maxime quasi. Ratione earum excepturi sequi eligendi. Non voluptate laborum unde voluptas amet.";"Nisi necessitatibus sequi est consequatur soluta. Officiis ab in quae saepe vitae. Eveniet asperiores illum aperiam ex magnam.
Corporis illum quis doloribus nam. Ab voluptate tempore excepturi beatae quidem corrupti ratione fugit. Pariatur exercitationem occaecati pariatur excepturi.
Animi corrupti temporibus nam aut error ad. Sequi consequuntur ea dolor pariatur officiis quos aliquid. Voluptate excepturi accusamus aut. Quis perspiciatis dicta provident delectus.";NULL;NULL;NULL;NULL;NULL;NULL;NULL;NULL;NULL;51b121a8-a578-4464-89ba-d92ab4ee13ee;a3c4e52a-d121-45e8-b5ec-6592481c8101;1;NULL;is;NULL;4771011224377;0;yvrnYOwuVzQNAypZJAOCwFnAQhZFaYUC;0;NULL;NULL;NULL;NULL;2024-01-30;2024-01-30;NULL;XOlSXmHBBvNDHJ;NULL;NULL;NULL
1363;1;jessica-davis;steven-orr;0;1;0;NULL;2024-01-30 09:37:03;NULL;NULL;CROoeEll187;NULL;XgIiECaXRglIfqukpAUE;xSPXfhxpBZLccAotzYzx;aINKQClttDvRHdrQImpq;MevgCFWgaedfyEyynztS;male;Mrs.;Smith;Patrick;0284 Sara Spurs Apt. 305;88784;Gallowaymouth;0;0;2024-01-30;Clinical scientist, histocompatibility and immunogenetics at Cummings-Hall;058.588.7356x5132;928.448.1595;(565)145-2655x45189;1-802-267-5693x01498;patrick.smith@lopez.com;reneewilson@curry-clarke.com;"Mollitia temporibus beatae voluptatum ab. Delectus repudiandae natus iste sit. Eius quisquam enim maiores voluptate at consequatur.
Eius rem accusantium sit dicta expedita aliquid omnis. Reprehenderit voluptates provident necessitatibus pariatur consectetur ipsam cupiditate nobis.
Iure ipsa tenetur tempora fugiat corrupti maiores aspernatur enim. Labore quidem magnam suscipit nisi deserunt culpa. Temporibus qui expedita architecto fugiat beatae nostrum vero.";"Quam aliquid expedita ratione tempore. Harum ad amet inventore. Sapiente maxime id dolorum facilis praesentium nostrum repudiandae.
Quos dicta corrupti rerum vero maiores iste. Unde aliquid quasi fuga quam. Sit laboriosam quo inventore sequi amet amet voluptas. Perspiciatis hic provident mollitia culpa dolor.
Dignissimos quas autem provident. Excepturi cum cumque quod illo.";NULL;NULL;NULL;NULL;NULL;NULL;NULL;NULL;NULL;"Mollitia aliquam quaerat nulla repellat laudantium consequatur mollitia. Laboriosam illum eaque illum repellendus ratione nam autem. Nisi reiciendis consectetur incidunt ex.
Ex adipisci dolore corporis numquam. Sapiente quam corporis quod beatae blanditiis.
Cumque quibusdam temporibus nemo ipsa. Nemo distinctio molestiae placeat ut. Officiis in praesentium labore. Magni perspiciatis ullam sint natus a libero amet. Mollitia ratione sunt fugit magnam ipsa asperiores necessitatibus.";"Deserunt necessitatibus praesentium placeat. Necessitatibus voluptas commodi veritatis veritatis possimus culpa aspernatur totam.
Eius exercitationem quidem beatae nemo ipsa eum. Doloremque officiis repellendus odit autem asperiores ducimus quasi. Quia sed vero expedita voluptatem adipisci accusantium.
Inventore officiis enim architecto. Numquam quas laborum magni voluptatum est modi ullam modi. Alias quod recusandae praesentium in magni unde rem. Occaecati repellat rem est nostrum inventore molestias quam.";NULL;NULL;NULL;NULL;NULL;NULL;NULL;NULL;NULL;424d0e86-6b24-406d-95de-1d9ca2ff4edf;93c3c0b9-6f0b-439d-9388-c964c15efc39;1;NULL;sq;NULL;3867184185223;0;LzozFkloeTXYxuBNlBnPDAaLEQMEiyFm;0;NULL;NULL;NULL;NULL;2024-01-30;2024-01-30;NULL;BqoDztXktucKqy;NULL;NULL;NULL
6605;1;jacqueline-reyes;katherine-miller;1;1;0;NULL;2024-01-30 09:37:03;NULL;NULL;WMYJuMJU647;NULL;ikHwaIxswNOPGwemZTIo;urwWIaqOUQuGJnnQeztJ;nnSjxuGQYEVtBuPTTSVw;mGSWtYlYGCzWLncBvbYc;male;Mrs.;Robinson;Nicole;38799 Wanda Canyon;21104;North Julieport;0;0;2024-01-30;Psychologist, prison and probation services at Morrison, Hunter and Ashley;+86(2)6828420072;494.918.9652x9676;09996857553;+29(4)6815757084;nicole.robinson@clark-holloway.com;beverly23@watson.com;"Laboriosam voluptatibus quis saepe possimus adipisci maxime dolores. Inventore animi consequuntur natus nulla qui animi alias quibusdam. Delectus ipsa excepturi cum possimus. Porro eius ipsa consequuntur fugit quisquam architecto veritatis.
Quaerat quasi praesentium a sapiente ad officia voluptate veniam. Ea tempora enim odio in beatae nemo.
Tempore alias facere laborum ipsam. Explicabo recusandae quos a laboriosam exercitationem. Dolorem repellat accusamus omnis ab. Similique optio nostrum commodi.";"Ut nisi quidem libero officiis deleniti. Impedit provident officiis nobis. Nulla accusantium consectetur quasi occaecati.
Commodi natus cum autem iusto aliquid. Eveniet cupiditate beatae id debitis maiores. Officiis itaque fuga voluptatem similique.
Id dolorum nemo veniam expedita vitae necessitatibus. Hic quam quas nam sint dolorem nihil pariatur. Molestiae sit illum quis ex perferendis. Aperiam numquam nihil suscipit similique culpa quia.";NULL;NULL;NULL;NULL;NULL;NULL;NULL;NULL;NULL;"Saepe rem quidem ratione earum id omnis sequi. Beatae ab voluptatibus sapiente et quod dolorum. Maiores at hic a ipsa tempore. Veniam autem ducimus recusandae modi commodi corporis. Incidunt deleniti atque natus eveniet.
Porro sint exercitationem alias eos illum. Similique iste aliquid corporis corporis ex quibusdam. Iusto quam quis placeat recusandae.
Autem itaque dolorum a amet amet in dolor praesentium. Quisquam itaque culpa fuga laudantium nam illum libero. Voluptate maxime fugiat ullam error ad rem. Libero molestiae adipisci officia rerum repudiandae.";"Dignissimos consectetur sunt aspernatur tempore sint itaque. Maiores laborum et molestias eveniet. Aut officiis nam libero fugit veritatis corporis consequatur.
Saepe quidem facere iure porro voluptatum reprehenderit. Perspiciatis deserunt et nobis porro temporibus. Modi non illum iste. Rerum ab animi ex voluptatibus veniam doloribus.
Magnam quia ullam incidunt nesciunt. Reprehenderit eligendi praesentium molestiae itaque quod excepturi ratione. Labore voluptatem ipsam laboriosam animi. Doloribus illum suscipit neque doloremque recusandae tempore.";NULL;NULL;NULL;NULL;NULL;NULL;NULL;NULL;NULL;c0d47a76-f5b5-444a-b78e-ba96c67bbbc5;64e2f176-7b20-4339-a957-3537449919d7;1;NULL;te;NULL;8250470404729;0;nfYcUvWsaILamJsEpwVZyeTdMGSUtQWa;0;NULL;NULL;NULL;NULL;2024-01-30;2024-01-30;NULL;BOiTKNgGmNWozW;NULL;NULL;NULL
